country,abbr,latitude,longitude,X1990,X1991,X1992,X1993,X1994,X1995,X1996,X1997,X1998,X1999,X2000,X2001,X2002,X2003,X2004,X2005,X2006,X2007,X2008,X2009,X2010,X2011,X2012,X2013,X2014,X2015,X2016,X2017,X2018
Afghanistan,AF,33.93911,67.709953,7.47,7.48,7.5,7.54,7.57,7.61,7.63,7.64,7.62,7.57,7.49,7.39,7.27,7.14,6.99,6.83,6.65,6.46,6.25,6.04,5.82,5.6,5.38,5.17,4.98,4.8,4.64,4.48,4.33
Albania,AL,41.153332,20.168331,2.98,2.91,2.83,2.75,2.67,2.59,2.51,2.42,2.33,2.25,2.16,2.07,1.98,1.9,1.82,1.75,1.7,1.67,1.65,1.65,1.65,1.67,1.69,1.7,1.71,1.71,1.71,1.71,1.71
Algeria,DZ,28.033886,1.659626,4.73,4.48,4.22,3.96,3.7,3.45,3.21,2.99,2.8,2.64,2.51,2.44,2.4,2.41,2.44,2.5,2.58,2.66,2.75,2.83,2.89,2.93,2.94,2.92,2.89,2.84,2.78,2.71,2.64
Angola,AO,-11.202692,17.873887,7.25,7.19,7.13,7.06,6.99,6.92,6.85,6.79,6.73,6.68,6.64,6.6,6.57,6.54,6.5,6.47,6.42,6.37,6.31,6.24,6.16,6.08,6,5.92,5.84,5.77,5.69,5.62,5.55
Antigua and Barbuda,AG,17.060816,-61.796428,2.06,2.07,2.1,2.13,2.17,2.21,2.25,2.28,2.3,2.32,2.32,2.31,2.29,2.27,2.25,2.22,2.2,2.18,2.16,2.15,2.13,2.12,2.1,2.09,2.08,2.06,2.05,2.04,2.03
Argentina,AR,-38.416097,-63.616672,2.99,2.95,2.91,2.87,2.82,2.76,2.71,2.66,2.62,2.59,2.56,2.54,2.52,2.5,2.47,2.45,2.43,2.41,2.4,2.38,2.37,2.36,2.35,2.34,2.32,2.31,2.29,2.28,2.26
Armenia,AM,40.069099,45.038189,2.54,2.48,2.4,2.3,2.18,1.8,1.8,1.7,1.5,1.4,1.3,1.2,1.2,1.4,1.4,1.4,1.3,1.4,1.4,1.6,1.55,1.5,1.73,1.71,1.69,1.66,1.63,1.6,1.6
Australia,AU,-25.274398,133.775136,1.88,1.86,1.87,1.85,1.84,1.82,1.81,1.79,1.77,1.76,1.76,1.76,1.78,1.79,1.82,1.86,1.89,1.92,1.94,1.94,1.93,1.92,1.9,1.89,1.87,1.86,1.85,1.84,1.83
Austria,AT,47.516231,14.550072,1.46,1.51,1.51,1.5,1.47,1.42,1.45,1.39,1.37,1.34,1.37,1.33,1.39,1.38,1.42,1.41,1.41,1.38,1.41,1.39,1.44,1.44,1.46,1.47,1.48,1.49,1.49,1.5,1.52
Azerbaijan,AZ,40.143105,47.576927,3.09,3.02,2.93,2.82,2.71,2.58,2.45,2.33,2.21,2.11,2.03,1.96,1.91,1.87,1.84,1.82,1.82,1.84,1.87,1.91,1.96,2.01,2.05,2.08,2.09,2.09,2.08,2.06,2.04
Bahamas,BS,25.03428,-77.39628,2.64,2.63,2.62,2.6,2.57,2.51,2.44,2.36,2.26,2.17,2.07,1.99,1.93,1.89,1.86,1.86,1.87,1.87,1.88,1.88,1.87,1.85,1.83,1.81,1.79,1.78,1.77,1.76,1.75
Bahrain,BH,25.930414,50.637772,3.74,3.6,3.47,3.34,3.21,3.1,3.01,2.93,2.86,2.81,2.77,2.72,2.67,2.6,2.53,2.45,2.37,2.29,2.23,2.18,2.14,2.12,2.09,2.08,2.07,2.05,2.03,2.01,1.99
Bangladesh,BD,23.684994,90.356331,4.55,4.37,4.2,4.03,3.88,3.73,3.6,3.47,3.35,3.23,3.12,3.01,2.91,2.8,2.7,2.61,2.52,2.44,2.38,2.32,2.28,2.24,2.21,2.18,2.16,2.13,2.1,2.08,2.05
Barbados,BB,13.193887,-59.543198,1.74,1.73,1.73,1.73,1.73,1.73,1.73,1.74,1.74,1.74,1.74,1.75,1.75,1.75,1.76,1.76,1.76,1.77,1.77,1.78,1.78,1.79,1.79,1.79,1.79,1.8,1.8,1.8,1.8
Belarus,BY,53.709807,27.953389,1.9,1.82,1.73,1.64,1.55,1.47,1.4,1.34,1.29,1.26,1.24,1.24,1.24,1.26,1.29,1.32,1.36,1.4,1.45,1.5,1.54,1.58,1.62,1.65,1.67,1.69,1.7,1.71,1.72
Belgium,BE,50.503887,4.469936,1.58,1.59,1.6,1.6,1.61,1.61,1.61,1.61,1.61,1.62,1.63,1.65,1.68,1.7,1.73,1.76,1.78,1.8,1.81,1.81,1.81,1.8,1.8,1.79,1.79,1.79,1.79,1.79,1.8
Belize,BZ,17.189877,-88.49765,4.51,4.44,4.36,4.29,4.2,4.11,4.01,3.91,3.81,3.7,3.6,3.5,3.39,3.28,3.18,3.07,2.98,2.89,2.82,2.76,2.72,2.68,2.64,2.61,2.58,2.54,2.51,2.48,2.44
Benin,BJ,9.30769,2.315834,6.74,6.68,6.6,6.53,6.45,6.36,6.28,6.2,6.12,6.04,5.96,5.89,5.82,5.75,5.69,5.63,5.58,5.52,5.47,5.42,5.36,5.31,5.25,5.18,5.12,5.05,4.98,4.91,4.84
Bhutan,BT,27.514162,90.433601,5.64,5.43,5.22,5,4.8,4.6,4.4,4.2,4,3.8,3.6,3.42,3.24,3.09,2.95,2.84,2.73,2.64,2.55,2.46,2.38,2.31,2.24,2.18,2.13,2.09,2.05,2.02,1.99
Bolivia,BO,-16.290154,-63.588653,4.91,4.87,4.81,4.74,4.66,4.58,4.47,4.37,4.27,4.16,4.06,3.96,3.87,3.77,3.68,3.6,3.51,3.43,3.35,3.27,3.2,3.13,3.07,3.02,2.97,2.92,2.88,2.84,2.8
Bosnia and Herzegovina,BA,43.915886,17.679076,1.77,1.75,1.73,1.72,1.71,1.71,1.69,1.66,1.62,1.56,1.5,1.43,1.37,1.33,1.3,1.29,1.29,1.29,1.3,1.3,1.31,1.31,1.31,1.32,1.33,1.35,1.36,1.38,1.39
Botswana,BW,-22.328474,24.684866,4.54,4.41,4.29,4.18,4.06,3.95,3.84,3.72,3.61,3.49,3.39,3.29,3.19,3.11,3.04,2.99,2.95,2.92,2.9,2.89,2.88,2.88,2.86,2.84,2.81,2.77,2.73,2.68,2.64
Brazil,BR,-14.235004,-51.92528,2.81,2.72,2.64,2.58,2.54,2.5,2.49,2.46,2.43,2.37,2.3,2.23,2.16,2.1,2.03,1.98,1.93,1.88,1.85,1.82,1.81,1.79,1.78,1.77,1.75,1.74,1.73,1.71,1.7
Brunei,BN,4.535277,114.727669,3.53,3.44,3.32,3.2,3.06,2.93,2.78,2.63,2.49,2.36,2.22,2.12,2.03,1.95,1.89,1.85,1.82,1.81,1.81,1.82,1.84,1.86,1.87,1.88,1.89,1.88,1.87,1.86,1.85
Bulgaria,BG,42.733883,25.48583,1.77,1.69,1.6,1.51,1.42,1.34,1.28,1.23,1.2,1.18,1.18,1.19,1.22,1.26,1.3,1.34,1.38,1.42,1.45,1.47,1.49,1.5,1.51,1.52,1.53,1.55,1.56,1.58,1.59
Burkina Faso,BF,12.238333,-1.561593,7.01,6.98,6.95,6.92,6.88,6.84,6.8,6.75,6.7,6.65,6.59,6.53,6.47,6.4,6.34,6.27,6.19,6.12,6.04,5.95,5.87,5.78,5.69,5.61,5.52,5.44,5.35,5.27,5.19
Burundi,BI,-3.373056,29.918886,7.51,7.47,7.43,7.39,7.34,7.29,7.24,7.18,7.13,7.07,7.01,6.95,6.89,6.82,6.76,6.69,6.62,6.53,6.45,6.35,6.26,6.16,6.06,5.96,5.87,5.78,5.7,5.62,5.53
Cambodia,KH,12.565679,104.990963,5.6,5.42,5.24,5.05,4.87,4.69,4.5,4.33,4.15,3.97,3.81,3.65,3.52,3.41,3.31,3.23,3.16,3.09,3.02,2.95,2.88,2.81,2.74,2.68,2.63,2.59,2.56,2.53,2.5
Cameroon,CM,7.369722,12.354722,6.44,6.35,6.26,6.17,6.07,5.98,5.89,5.8,5.72,5.65,5.58,5.52,5.48,5.43,5.39,5.35,5.31,5.27,5.22,5.17,5.11,5.05,4.98,4.92,4.85,4.78,4.71,4.64,4.57
Canada,CA,56.130366,-106.346771,1.66,1.67,1.68,1.67,1.66,1.64,1.61,1.58,1.56,1.54,1.52,1.52,1.52,1.53,1.55,1.57,1.6,1.62,1.63,1.64,1.64,1.63,1.62,1.61,1.6,1.59,1.58,1.57,1.56
Cape Verde,CV,16.002082,-24.013197,5.31,5.16,5.01,4.86,4.7,4.54,4.38,4.22,4.07,3.91,3.76,3.62,3.48,3.36,3.24,3.13,3.02,2.93,2.83,2.75,2.67,2.59,2.53,2.47,2.42,2.37,2.33,2.3,2.27
Central African Republic,CF,6.611111,20.939444,5.81,5.77,5.73,5.69,5.65,5.62,5.59,5.56,5.54,5.52,5.5,5.48,5.46,5.44,5.41,5.38,5.35,5.32,5.29,5.25,5.22,5.17,5.12,5.07,5.01,4.94,4.87,4.8,4.72
Chad,TD,15.454166,18.732207,7.31,7.35,7.38,7.4,7.42,7.43,7.43,7.42,7.41,7.38,7.35,7.32,7.27,7.21,7.15,7.07,6.99,6.9,6.8,6.7,6.59,6.48,6.37,6.26,6.16,6.05,5.95,5.85,5.75
Chile,CL,-35.675147,-71.542969,2.55,2.5,2.46,2.41,2.36,2.31,2.27,2.23,2.18,2.14,2.11,2.07,2.05,2.02,2,1.98,1.96,1.95,1.93,1.9,1.88,1.86,1.83,1.82,1.8,1.79,1.77,1.77,1.76
China,CN,35.86166,104.195397,2.35,2.19,2.02,1.87,1.74,1.64,1.57,1.53,1.5,1.49,1.5,1.51,1.52,1.54,1.55,1.57,1.57,1.58,1.58,1.59,1.59,1.59,1.6,1.6,1.61,1.62,1.62,1.63,1.64
Colombia,CO,4.570868,-74.297333,2.99,2.93,2.86,2.79,2.73,2.66,2.6,2.54,2.48,2.43,2.39,2.35,2.31,2.27,2.24,2.2,2.16,2.12,2.08,2.04,2.01,1.98,1.95,1.92,1.9,1.87,1.85,1.83,1.82
Comoros,KM,-11.875001,43.872219,5.57,5.45,5.36,5.29,5.26,5.25,5.25,5.27,5.29,5.31,5.32,5.31,5.3,5.28,5.25,5.22,5.17,5.11,5.05,4.99,4.92,4.82,4.73,4.64,4.54,4.45,4.35,4.28,4.2
Costa Rica,CR,9.748917,-83.753428,3.17,3.11,3.04,2.97,2.9,2.82,2.74,2.65,2.56,2.46,2.37,2.29,2.22,2.16,2.11,2.07,2.03,2.01,1.98,1.95,1.92,1.89,1.87,1.84,1.82,1.8,1.78,1.77,1.75
Croatia,HR,45.1,15.2,1.67,1.62,1.57,1.54,1.52,1.52,1.51,1.51,1.49,1.47,1.44,1.42,1.39,1.38,1.37,1.38,1.4,1.41,1.43,1.45,1.47,1.48,1.49,1.49,1.49,1.47,1.46,1.45,1.45
Cuba,CU,21.521757,-77.781167,1.75,1.72,1.68,1.66,1.65,1.64,1.64,1.63,1.63,1.63,1.62,1.61,1.59,1.58,1.58,1.57,1.57,1.58,1.6,1.62,1.64,1.66,1.69,1.7,1.71,1.72,1.72,1.72,1.72
Cyprus,CY,35.126413,33.429859,2.41,2.38,2.34,2.28,2.21,2.12,2.04,1.95,1.86,1.78,1.72,1.66,1.61,1.58,1.55,1.52,1.5,1.48,1.46,1.44,1.42,1.41,1.39,1.37,1.36,1.35,1.34,1.34,1.34
Czech Republic,CZ,49.817492,15.472962,1.8,1.74,1.66,1.58,1.48,1.39,1.3,1.22,1.17,1.13,1.12,1.14,1.17,1.21,1.25,1.3,1.35,1.39,1.42,1.45,1.47,1.48,1.49,1.5,1.51,1.52,1.54,1.56,1.57
Denmark,DK,56.26392,9.501785,1.67,1.68,1.76,1.75,1.81,1.81,1.75,1.75,1.72,1.74,1.77,1.75,1.72,1.76,1.78,1.8,1.85,1.85,1.89,1.84,1.88,1.76,1.73,1.88,1.83,1.79,1.74,1.75,1.76
Djibouti,DJ,11.825138,42.590275,6.09,6,5.88,5.73,5.55,5.35,5.15,4.96,4.78,4.62,4.48,4.36,4.24,4.12,3.99,3.87,3.74,3.62,3.5,3.4,3.3,3.21,3.13,3.06,2.98,2.91,2.85,2.79,2.73
Dominican Republic,DO,18.735693,-70.162651,3.47,3.4,3.33,3.26,3.2,3.13,3.07,3.01,2.97,2.93,2.89,2.86,2.84,2.81,2.78,2.75,2.72,2.69,2.66,2.63,2.6,2.57,2.54,2.51,2.48,2.45,2.42,2.39,2.36
Ecuador,EC,-1.831239,-78.183406,3.77,3.68,3.59,3.51,3.44,3.36,3.29,3.23,3.16,3.09,3.03,2.97,2.91,2.87,2.83,2.79,2.76,2.74,2.71,2.68,2.66,2.63,2.6,2.57,2.54,2.51,2.49,2.46,2.43
Egypt,EG,26.820553,30.802498,4.66,4.46,4.25,4.05,3.87,3.71,3.57,3.46,3.37,3.29,3.23,3.18,3.13,3.09,3.05,3.02,3,3.02,3.06,3.11,3.19,3.25,3.31,3.34,3.34,3.31,3.27,3.21,3.15
El Salvador,SV,13.794185,-88.89653,3.96,3.89,3.82,3.74,3.66,3.58,3.48,3.38,3.26,3.14,3.02,2.9,2.79,2.69,2.6,2.53,2.47,2.41,2.36,2.31,2.27,2.22,2.19,2.16,2.13,2.1,2.08,2.06,2.04
Equatorial Guinea,GQ,1.650801,10.267895,5.99,5.99,5.98,5.98,5.98,5.97,5.96,5.94,5.91,5.88,5.83,5.79,5.73,5.68,5.62,5.56,5.5,5.43,5.36,5.29,5.21,5.13,5.04,4.95,4.86,4.78,4.69,4.6,4.51
Eritrea,ER,15.179384,39.782334,6.39,6.32,6.23,6.14,6.03,5.91,5.79,5.67,5.55,5.43,5.33,5.23,5.15,5.07,5.01,4.94,4.88,4.82,4.75,4.68,4.61,4.53,4.44,4.36,4.29,4.21,4.13,4.06,3.99
Estonia,EE,58.595272,25.013607,1.94,1.83,1.71,1.6,1.51,1.43,1.38,1.34,1.32,1.31,1.32,1.34,1.38,1.43,1.48,1.54,1.58,1.62,1.64,1.65,1.64,1.63,1.62,1.61,1.61,1.62,1.63,1.65,1.66
Ethiopia,ET,9.145,40.489673,7.25,7.19,7.14,7.09,7.05,7,6.94,6.86,6.77,6.66,6.53,6.38,6.22,6.04,5.87,5.69,5.52,5.36,5.2,5.06,4.92,4.8,4.68,4.56,4.44,4.32,4.2,4.08,3.97
Fiji,FJ,-16.578193,179.414413,3.4,3.37,3.35,3.33,3.31,3.28,3.24,3.21,3.17,3.13,3.09,3.05,3,2.95,2.91,2.86,2.82,2.77,2.74,2.7,2.67,2.64,2.62,2.59,2.57,2.54,2.52,2.49,2.47
Finland,FI,61.92411,25.748151,1.79,1.8,1.85,1.81,1.85,1.81,1.76,1.75,1.71,1.73,1.73,1.73,1.72,1.76,1.8,1.8,1.84,1.83,1.85,1.86,1.87,1.83,1.8,1.85,1.83,1.8,1.77,1.78,1.78
France,FR,46.227638,2.213749,1.75,1.74,1.72,1.72,1.72,1.72,1.73,1.75,1.77,1.79,1.82,1.84,1.87,1.89,1.92,1.94,1.96,1.97,1.98,1.99,1.99,1.99,1.99,1.98,1.98,1.98,1.98,1.98,1.97
Gabon,GA,-0.803689,11.609444,5.42,5.35,5.26,5.18,5.09,5,4.9,4.81,4.72,4.63,4.54,4.46,4.39,4.33,4.27,4.23,4.19,4.16,4.14,4.11,4.08,4.05,4.01,3.96,3.91,3.85,3.79,3.72,3.66
Gambia,GM,13.443182,-15.310139,6.11,6.09,6.08,6.07,6.05,6.04,6.02,6,5.98,5.97,5.95,5.93,5.91,5.88,5.86,5.84,5.81,5.79,5.76,5.74,5.71,5.68,5.64,5.6,5.54,5.49,5.43,5.36,5.29
Georgia,GE,42.315407,43.356892,2.18,2.13,2.08,2.01,1.95,1.88,1.81,1.75,1.69,1.64,1.61,1.59,1.59,1.6,1.63,1.66,1.71,1.77,1.82,1.87,1.92,1.95,1.98,2,2,2,2,1.99,1.98
Germany,DE,51.165691,10.451526,1.36,1.34,1.32,1.31,1.31,1.31,1.32,1.33,1.34,1.35,1.35,1.35,1.35,1.35,1.35,1.35,1.36,1.36,1.37,1.38,1.39,1.41,1.42,1.43,1.44,1.45,1.46,1.47,1.48
Ghana,GH,7.946527,-1.023194,5.6,5.5,5.4,5.32,5.24,5.17,5.1,5.04,4.97,4.9,4.83,4.75,4.68,4.61,4.55,4.49,4.44,4.39,4.35,4.31,4.27,4.23,4.19,4.15,4.1,4.04,3.98,3.93,3.87
Greece,GR,39.074208,21.824312,1.47,1.44,1.42,1.4,1.38,1.37,1.36,1.35,1.33,1.33,1.32,1.33,1.34,1.36,1.38,1.4,1.42,1.44,1.44,1.43,1.41,1.39,1.37,1.35,1.33,1.31,1.31,1.3,1.3
Grenada,GD,12.262776,-61.604171,3.84,3.7,3.55,3.4,3.25,3.12,2.99,2.87,2.76,2.67,2.58,2.51,2.46,2.41,2.37,2.34,2.32,2.3,2.28,2.26,2.24,2.22,2.19,2.17,2.15,2.13,2.1,2.08,2.06
Guatemala,GT,15.783471,-90.230759,5.44,5.38,5.32,5.25,5.17,5.09,4.99,4.9,4.8,4.7,4.6,4.49,4.37,4.25,4.11,3.97,3.83,3.7,3.58,3.47,3.38,3.29,3.22,3.15,3.09,3.03,2.97,2.92,2.87
Guinea,GN,9.945587,-9.696645,6.6,6.57,6.54,6.49,6.44,6.39,6.33,6.27,6.21,6.15,6.08,6.02,5.95,5.88,5.8,5.73,5.65,5.58,5.5,5.42,5.34,5.26,5.18,5.09,5.01,4.93,4.86,4.78,4.7
Guinea-Bissau,GW,11.803749,-15.180413,6.63,6.58,6.53,6.46,6.38,6.29,6.2,6.11,6.01,5.91,5.82,5.73,5.64,5.56,5.47,5.39,5.31,5.24,5.17,5.11,5.05,4.99,4.92,4.86,4.78,4.71,4.63,4.56,4.48
Guyana,GY,4.860416,-58.93018,3.07,3.06,3.07,3.07,3.07,3.07,3.07,3.06,3.05,3.04,3.02,2.99,2.96,2.92,2.88,2.84,2.8,2.76,2.72,2.68,2.66,2.63,2.61,2.58,2.56,2.53,2.51,2.49,2.46
Haiti,HT,18.971187,-72.285215,5.43,5.32,5.21,5.1,5,4.89,4.78,4.67,4.55,4.43,4.3,4.18,4.07,3.96,3.85,3.76,3.67,3.58,3.49,3.41,3.33,3.25,3.17,3.1,3.03,2.97,2.92,2.87,2.82
Honduras,HN,15.199999,-86.241905,5.14,5.05,4.95,4.85,4.75,4.64,4.53,4.41,4.29,4.17,4.06,3.94,3.82,3.69,3.57,3.45,3.33,3.2,3.09,2.98,2.87,2.78,2.69,2.62,2.56,2.51,2.46,2.42,2.39
Hungary,HU,47.162494,19.503304,1.81,1.78,1.74,1.69,1.63,1.56,1.49,1.43,1.37,1.33,1.31,1.29,1.29,1.29,1.3,1.3,1.31,1.32,1.32,1.33,1.33,1.33,1.33,1.34,1.35,1.36,1.37,1.39,1.4
Iceland,IS,64.963051,-19.020835,2.16,2.17,2.17,2.17,2.15,2.13,2.1,2.07,2.05,2.02,2.01,2,2.01,2.02,2.04,2.07,2.09,2.1,2.1,2.09,2.07,2.04,2.01,1.99,1.96,1.95,1.93,1.92,1.91
India,IN,20.593684,78.96288,4.05,3.96,3.88,3.8,3.72,3.65,3.58,3.51,3.45,3.38,3.31,3.24,3.18,3.11,3.04,2.97,2.9,2.82,2.75,2.67,2.6,2.53,2.48,2.43,2.38,2.35,2.33,2.3,2.28
Indonesia,ID,-0.789275,113.921327,3.12,3.02,2.93,2.84,2.76,2.69,2.63,2.58,2.54,2.52,2.51,2.51,2.51,2.51,2.52,2.51,2.51,2.51,2.5,2.49,2.48,2.47,2.46,2.44,2.41,2.39,2.36,2.34,2.31
Iran,IR,32.427908,53.688046,4.82,4.48,4.14,3.81,3.5,3.22,2.96,2.73,2.53,2.36,2.21,2.09,2,1.93,1.87,1.83,1.81,1.79,1.78,1.77,1.77,1.76,1.74,1.73,1.71,1.69,1.66,1.64,1.61
Iraq,IQ,33.223191,43.679291,5.88,5.79,5.7,5.61,5.52,5.42,5.33,5.22,5.11,5,4.89,4.8,4.71,4.64,4.59,4.56,4.55,4.55,4.55,4.56,4.56,4.56,4.54,4.52,4.48,4.43,4.37,4.31,4.25
Ireland,IE,53.41291,-8.24389,2,1.95,1.92,1.9,1.9,1.9,1.91,1.92,1.93,1.94,1.95,1.96,1.96,1.97,1.98,1.98,1.99,1.99,2,2,2,2,2,2,1.99,1.99,1.99,1.98,1.98
Israel,IL,31.046051,34.851612,3,2.97,2.95,2.94,2.93,2.92,2.92,2.92,2.92,2.92,2.92,2.92,2.91,2.91,2.91,2.91,2.92,2.93,2.95,2.97,3,3.01,3.03,3.03,3.02,3,2.97,2.95,2.92
Italy,IT,41.87194,12.56738,1.3,1.29,1.27,1.26,1.25,1.24,1.23,1.23,1.23,1.24,1.25,1.27,1.29,1.31,1.34,1.36,1.38,1.4,1.41,1.42,1.43,1.43,1.43,1.44,1.45,1.46,1.47,1.48,1.5
Jamaica,JM,18.109581,-77.297508,2.95,2.9,2.86,2.83,2.8,2.77,2.74,2.7,2.67,2.62,2.58,2.53,2.48,2.44,2.4,2.36,2.33,2.29,2.25,2.21,2.17,2.14,2.1,2.07,2.05,2.03,2.01,1.99,1.98
Japan,JP,36.204824,138.252924,1.56,1.53,1.5,1.47,1.44,1.41,1.39,1.37,1.35,1.34,1.32,1.31,1.3,1.3,1.3,1.31,1.32,1.33,1.34,1.36,1.37,1.39,1.4,1.42,1.43,1.44,1.46,1.47,1.48
Jordan,JO,30.585164,36.238414,5.49,5.29,5.1,4.92,4.75,4.61,4.47,4.35,4.23,4.13,4.03,3.95,3.88,3.83,3.78,3.75,3.73,3.71,3.69,3.68,3.66,3.64,3.6,3.56,3.51,3.45,3.38,3.31,3.24
Kazakhstan,KZ,48.019573,66.923684,2.83,2.73,2.61,2.48,2.36,2.24,2.13,2.05,1.98,1.94,1.92,1.94,1.99,2.07,2.16,2.26,2.37,2.47,2.55,2.62,2.67,2.7,2.7,2.7,2.68,2.66,2.63,2.6,2.57
Kenya,KE,-0.023559,37.906193,6.07,5.9,5.76,5.63,5.54,5.46,5.4,5.35,5.3,5.24,5.18,5.11,5.04,4.98,4.91,4.84,4.76,4.68,4.58,4.48,4.37,4.27,4.17,4.07,3.99,3.92,3.85,3.79,3.74
Kiribati,KI,-3.370417,-168.734039,4.69,4.64,4.58,4.51,4.45,4.37,4.3,4.24,4.17,4.11,4.06,4.02,3.98,3.95,3.93,3.91,3.9,3.88,3.87,3.86,3.84,3.82,3.8,3.77,3.73,3.69,3.65,3.61,3.57
Kuwait,KW,29.31166,47.481766,2.97,2.79,2.68,2.64,2.66,2.72,2.8,2.86,2.9,2.89,2.85,2.77,2.69,2.62,2.55,2.5,2.45,2.4,2.34,2.28,2.22,2.15,2.09,2.05,2.01,1.99,1.97,1.96,1.95
Latvia,LV,56.879635,24.603189,1.94,1.83,1.7,1.58,1.46,1.36,1.27,1.22,1.18,1.17,1.18,1.21,1.25,1.3,1.35,1.4,1.43,1.46,1.49,1.5,1.51,1.51,1.51,1.51,1.52,1.53,1.54,1.56,1.57
Lebanon,LB,33.854721,35.862285,3,2.92,2.84,2.77,2.69,2.62,2.54,2.47,2.39,2.31,2.23,2.13,2.04,1.94,1.84,1.75,1.68,1.63,1.6,1.6,1.61,1.64,1.67,1.7,1.71,1.72,1.72,1.71,1.71
Lesotho,LS,-29.609988,28.233608,4.92,4.84,4.76,4.69,4.62,4.55,4.48,4.39,4.3,4.2,4.09,3.97,3.86,3.74,3.64,3.55,3.47,3.41,3.37,3.33,3.3,3.28,3.25,3.22,3.19,3.14,3.09,3.04,3
Liberia,LR,6.428055,-9.429499,6.5,6.41,6.34,6.27,6.21,6.16,6.11,6.06,6.01,5.95,5.88,5.8,5.72,5.64,5.55,5.46,5.37,5.28,5.19,5.11,5.02,4.94,4.87,4.79,4.72,4.65,4.58,4.51,4.45
Libya,LY,26.3351,17.228331,4.97,4.67,4.38,4.11,3.86,3.64,3.44,3.27,3.11,2.98,2.86,2.75,2.67,2.6,2.54,2.49,2.46,2.44,2.43,2.42,2.41,2.4,2.39,2.37,2.35,2.31,2.27,2.24,2.2
Lithuania,LT,55.169438,23.881275,1.96,1.91,1.85,1.78,1.71,1.64,1.57,1.5,1.44,1.38,1.34,1.31,1.29,1.29,1.3,1.32,1.35,1.39,1.43,1.47,1.51,1.54,1.57,1.6,1.62,1.64,1.65,1.66,1.67
Luxembourg,LU,49.815273,6.129583,1.56,1.6,1.64,1.67,1.69,1.71,1.72,1.72,1.72,1.71,1.7,1.68,1.67,1.66,1.65,1.64,1.63,1.62,1.61,1.59,1.58,1.57,1.56,1.55,1.56,1.56,1.57,1.58,1.59
Madagascar,MG,-18.766947,46.869107,6.18,6.15,6.12,6.08,6.03,5.98,5.91,5.84,5.75,5.65,5.55,5.45,5.34,5.24,5.14,5.05,4.96,4.87,4.78,4.69,4.6,4.52,4.44,4.37,4.3,4.24,4.18,4.13,4.08
Malawi,MW,-13.254308,34.301525,6.92,6.8,6.68,6.58,6.5,6.42,6.36,6.31,6.26,6.2,6.15,6.1,6.05,6,5.96,5.9,5.83,5.73,5.61,5.47,5.31,5.15,4.99,4.86,4.74,4.65,4.57,4.51,4.44
Malaysia,MY,4.210484,101.975766,3.55,3.51,3.47,3.42,3.37,3.31,3.24,3.15,3.04,2.91,2.78,2.66,2.54,2.44,2.36,2.29,2.25,2.22,2.19,2.17,2.15,2.13,2.11,2.09,2.07,2.06,2.04,2.02,2
Maldives,MV,3.202778,73.22068,5.99,5.67,5.34,4.99,4.64,4.3,3.98,3.67,3.4,3.16,2.94,2.77,2.63,2.51,2.42,2.34,2.29,2.26,2.24,2.24,2.23,2.22,2.21,2.19,2.17,2.13,2.09,2.05,2.01
Mali,ML,17.570692,-3.996166,7.17,7.16,7.15,7.12,7.09,7.06,7.02,6.98,6.95,6.92,6.9,6.88,6.86,6.84,6.82,6.79,6.76,6.72,6.67,6.61,6.55,6.47,6.4,6.32,6.23,6.15,6.06,5.97,5.88
Malta,MT,35.937496,14.375416,2.03,2.02,2.01,2,1.99,1.97,1.93,1.89,1.83,1.75,1.67,1.6,1.53,1.47,1.42,1.4,1.38,1.38,1.38,1.38,1.39,1.4,1.41,1.42,1.43,1.44,1.46,1.47,1.48
Mauritania,MR,21.00789,-10.940835,6.04,5.99,5.94,5.88,5.83,5.77,5.7,5.64,5.58,5.51,5.45,5.39,5.34,5.28,5.23,5.18,5.14,5.1,5.06,5.02,4.98,4.94,4.9,4.85,4.79,4.74,4.67,4.61,4.55
Mauritius,MU,-20.348404,57.552152,2.29,2.28,2.25,2.22,2.18,2.14,2.1,2.07,2.04,2.01,1.99,1.96,1.94,1.9,1.87,1.82,1.78,1.72,1.67,1.62,1.58,1.54,1.51,1.48,1.46,1.44,1.43,1.43,1.43
Mexico,MX,23.634501,-102.552784,3.47,3.37,3.27,3.18,3.1,3.02,2.95,2.88,2.82,2.77,2.72,2.67,2.62,2.58,2.54,2.5,2.46,2.42,2.39,2.36,2.34,2.32,2.3,2.27,2.24,2.22,2.18,2.15,2.12
Moldova,MD,47.411631,28.369885,2.41,2.31,2.2,2.09,1.99,1.9,1.81,1.72,1.62,1.53,1.44,1.35,1.29,1.25,1.22,1.22,1.23,1.24,1.26,1.27,1.27,1.27,1.27,1.26,1.26,1.25,1.24,1.23,1.23
Mongolia,MN,46.862496,103.846656,4.05,3.75,3.45,3.18,2.94,2.74,2.57,2.43,2.31,2.22,2.14,2.1,2.08,2.08,2.11,2.17,2.24,2.33,2.43,2.54,2.64,2.72,2.77,2.81,2.81,2.79,2.76,2.71,2.67
Montenegro,ME,42.708678,19.37439,2.08,2.06,2.05,2.03,2,1.98,1.95,1.93,1.91,1.89,1.88,1.87,1.86,1.85,1.85,1.84,1.83,1.82,1.81,1.79,1.77,1.75,1.73,1.71,1.69,1.68,1.67,1.66,1.65
Morocco,MA,31.791702,-7.09262,4.06,3.9,3.75,3.6,3.45,3.3,3.16,3.04,2.93,2.85,2.78,2.72,2.68,2.64,2.61,2.59,2.57,2.56,2.56,2.57,2.58,2.58,2.58,2.57,2.56,2.53,2.49,2.45,2.42
Mozambique,MZ,-18.665695,35.529562,6.21,6.17,6.12,6.07,6.02,5.96,5.92,5.88,5.85,5.83,5.82,5.81,5.8,5.78,5.76,5.74,5.71,5.67,5.64,5.6,5.56,5.52,5.47,5.42,5.37,5.31,5.24,5.18,5.12
Namibia,NA,-22.95764,18.49041,5.23,5.1,4.97,4.84,4.72,4.59,4.47,4.35,4.23,4.12,4.02,3.93,3.84,3.77,3.71,3.67,3.64,3.62,3.61,3.61,3.61,3.6,3.59,3.56,3.52,3.47,3.42,3.35,3.3
Nepal,NP,28.394857,84.124008,5.17,5.1,5.02,4.93,4.83,4.72,4.6,4.47,4.33,4.18,4.03,3.88,3.72,3.58,3.43,3.29,3.15,3.01,2.87,2.74,2.61,2.49,2.38,2.29,2.22,2.16,2.12,2.08,2.05
Netherlands,NL,52.132633,5.291266,1.62,1.61,1.59,1.57,1.57,1.53,1.53,1.56,1.63,1.65,1.72,1.71,1.73,1.75,1.73,1.71,1.72,1.72,1.77,1.79,1.8,1.76,1.76,1.77,1.76,1.75,1.74,1.75,1.75
New Zealand,NZ,-40.900557,174.885971,2.4,2.36,2.31,2.22,2.13,2.11,2.07,2.05,1.96,2,1.98,1.96,1.95,1.98,2.02,2.05,2.09,2.11,2.12,2.13,2.12,2.1,2.07,2.05,2.03,2.01,1.99,1.98,1.97
Nicaragua,NI,12.865416,-85.207229,4.6,4.43,4.27,4.11,3.94,3.78,3.62,3.47,3.33,3.2,3.08,2.98,2.89,2.81,2.74,2.68,2.62,2.57,2.52,2.48,2.43,2.38,2.34,2.3,2.26,2.23,2.2,2.17,2.14
Niger,NE,17.607789,8.081666,7.77,7.76,7.75,7.74,7.73,7.73,7.72,7.71,7.7,7.69,7.68,7.67,7.66,7.64,7.63,7.61,7.59,7.57,7.54,7.52,7.49,7.46,7.42,7.38,7.34,7.29,7.24,7.18,7.13
Nigeria,NG,9.081999,8.675277,6.49,6.44,6.4,6.35,6.3,6.26,6.22,6.19,6.16,6.13,6.11,6.08,6.06,6.04,6.01,5.99,5.96,5.93,5.9,5.87,5.84,5.8,5.76,5.71,5.65,5.59,5.53,5.46,5.39
North Korea,KP,40.339852,127.510093,2.29,2.26,2.24,2.2,2.16,2.12,2.08,2.04,2.01,2,1.99,1.99,1.99,2,2,2,2,2,1.99,1.99,1.98,1.97,1.96,1.95,1.93,1.92,1.91,1.9,1.89
Norway,NO,60.472024,8.468946,1.93,1.92,1.88,1.86,1.87,1.87,1.89,1.86,1.81,1.85,1.85,1.78,1.75,1.8,1.83,1.84,1.9,1.9,1.96,1.98,1.95,1.88,1.85,1.91,1.87,1.84,1.82,1.82,1.83
Oman,OM,21.512583,55.923255,7.17,6.83,6.47,6.1,5.72,5.35,4.98,4.63,4.3,3.99,3.72,3.48,3.29,3.14,3.03,2.95,2.91,2.89,2.89,2.9,2.9,2.9,2.88,2.85,2.8,2.74,2.67,2.59,2.52
Pakistan,PK,30.375321,69.345116,6.02,5.9,5.76,5.62,5.48,5.34,5.2,5.05,4.89,4.73,4.58,4.44,4.31,4.21,4.13,4.07,4.02,3.98,3.94,3.9,3.86,3.8,3.74,3.68,3.62,3.55,3.48,3.41,3.35
Panama,PA,8.537981,-80.782127,3.06,3,2.95,2.91,2.88,2.85,2.83,2.81,2.79,2.77,2.74,2.72,2.7,2.68,2.66,2.65,2.64,2.64,2.63,2.63,2.62,2.61,2.6,2.59,2.57,2.54,2.51,2.49,2.46
Papua New Guinea,PG,-6.314993,143.95555,4.8,4.76,4.72,4.7,4.68,4.67,4.65,4.63,4.6,4.57,4.53,4.48,4.42,4.37,4.32,4.26,4.21,4.16,4.1,4.04,3.99,3.93,3.87,3.81,3.76,3.71,3.66,3.61,3.56
Paraguay,PY,-23.442503,-58.443832,4.55,4.46,4.37,4.28,4.2,4.11,4.01,3.91,3.8,3.68,3.55,3.43,3.32,3.21,3.12,3.04,2.97,2.91,2.85,2.79,2.73,2.68,2.63,2.58,2.54,2.51,2.48,2.45,2.43
Peru,PE,-9.189967,-75.015152,3.83,3.72,3.62,3.51,3.41,3.32,3.23,3.14,3.06,2.99,2.93,2.87,2.82,2.77,2.73,2.68,2.65,2.62,2.59,2.57,2.55,2.53,2.5,2.48,2.46,2.43,2.4,2.37,2.34
Philippines,PH,12.879721,121.774017,4.32,4.25,4.18,4.11,4.06,4.01,3.96,3.92,3.89,3.85,3.81,3.77,3.71,3.65,3.58,3.5,3.43,3.35,3.28,3.21,3.16,3.11,3.07,3.03,2.99,2.96,2.93,2.89,2.86
Poland,PL,51.919438,19.145136,2.08,2.03,1.97,1.9,1.82,1.73,1.65,1.56,1.48,1.41,1.35,1.31,1.28,1.28,1.28,1.3,1.32,1.34,1.36,1.37,1.37,1.36,1.34,1.33,1.32,1.31,1.3,1.29,1.29
Portugal,PT,39.399872,-8.224454,1.52,1.5,1.48,1.47,1.46,1.46,1.45,1.45,1.46,1.46,1.46,1.46,1.45,1.44,1.43,1.42,1.4,1.38,1.36,1.34,1.33,1.31,1.29,1.28,1.26,1.25,1.25,1.24,1.24
Qatar,QA,25.354826,51.183884,4.01,3.89,3.8,3.71,3.65,3.59,3.53,3.47,3.41,3.33,3.24,3.12,3,2.86,2.71,2.57,2.43,2.31,2.21,2.13,2.07,2.03,2,1.97,1.95,1.93,1.91,1.89,1.87
Romania,RO,45.943161,24.96676,1.87,1.74,1.61,1.51,1.43,1.37,1.34,1.32,1.31,1.31,1.31,1.31,1.32,1.33,1.36,1.38,1.4,1.43,1.45,1.46,1.47,1.48,1.49,1.49,1.5,1.51,1.52,1.53,1.54
Russia,RU,61.52401,105.318756,1.89,1.73,1.55,1.37,1.4,1.34,1.27,1.22,1.23,1.16,1.2,1.22,1.29,1.33,1.34,1.29,1.3,1.41,1.49,1.54,1.57,1.59,1.62,1.66,1.7,1.74,1.75,1.76,1.76
Rwanda,RW,-1.940278,29.873888,7.18,6.94,6.71,6.51,6.32,6.17,6.05,5.94,5.84,5.74,5.64,5.54,5.45,5.35,5.24,5.14,5.02,4.9,4.77,4.64,4.52,4.39,4.27,4.16,4.06,3.97,3.89,3.81,3.74
Samoa,WS,-13.759029,-172.104629,5.12,5.03,4.96,4.88,4.82,4.75,4.69,4.64,4.59,4.54,4.5,4.48,4.46,4.45,4.46,4.46,4.46,4.45,4.43,4.39,4.34,4.28,4.21,4.15,4.09,4.03,3.98,3.93,3.88
Saudi Arabia,SA,23.885942,45.079162,5.91,5.76,5.59,5.41,5.2,4.98,4.75,4.53,4.33,4.14,3.97,3.83,3.71,3.6,3.51,3.42,3.33,3.24,3.15,3.06,2.96,2.87,2.78,2.7,2.64,2.58,2.53,2.49,2.45
Senegal,SN,14.497401,-14.452362,6.53,6.43,6.32,6.21,6.11,6,5.88,5.77,5.67,5.57,5.47,5.39,5.31,5.25,5.2,5.16,5.13,5.11,5.1,5.08,5.06,5.04,5,4.96,4.9,4.84,4.77,4.7,4.62
Serbia,RS,44.016521,21.005859,2.1,2.05,2,1.95,1.92,1.89,1.86,1.84,1.82,1.79,1.77,1.74,1.72,1.69,1.66,1.64,1.61,1.6,1.58,1.58,1.58,1.58,1.58,1.59,1.6,1.6,1.61,1.62,1.62
Seychelles,SC,-4.679574,55.491977,2.74,2.66,2.59,2.51,2.42,2.35,2.28,2.22,2.18,2.16,2.15,2.16,2.18,2.2,2.22,2.25,2.27,2.29,2.32,2.34,2.36,2.37,2.37,2.37,2.35,2.33,2.31,2.28,2.25
Sierra Leone,SL,8.460555,-11.779889,6.72,6.71,6.7,6.67,6.65,6.61,6.56,6.51,6.46,6.39,6.32,6.24,6.16,6.07,5.97,5.86,5.75,5.62,5.49,5.35,5.2,5.06,4.92,4.79,4.67,4.56,4.46,4.36,4.26
Singapore,SG,1.352083,103.819836,1.83,1.73,1.72,1.74,1.71,1.67,1.66,1.61,1.48,1.47,1.6,1.41,1.37,1.27,1.26,1.26,1.28,1.29,1.28,1.26,1.26,1.26,1.26,1.25,1.25,1.24,1.25,1.25,1.26
Slovenia,SI,46.151241,14.995463,1.48,1.42,1.37,1.33,1.29,1.27,1.25,1.24,1.22,1.21,1.21,1.21,1.22,1.24,1.27,1.31,1.36,1.4,1.44,1.48,1.52,1.54,1.57,1.58,1.6,1.61,1.63,1.64,1.65
Solomon Islands,SB,-9.64571,160.156194,5.85,5.73,5.6,5.46,5.33,5.2,5.08,4.97,4.87,4.79,4.72,4.67,4.62,4.58,4.54,4.5,4.46,4.41,4.36,4.3,4.24,4.17,4.1,4.03,3.97,3.91,3.85,3.8,3.74
Somalia,SO,5.152149,46.199616,7.4,7.45,7.51,7.57,7.61,7.65,7.68,7.69,7.68,7.66,7.62,7.57,7.51,7.45,7.38,7.31,7.23,7.14,7.06,6.96,6.87,6.77,6.67,6.56,6.46,6.37,6.27,6.17,6.08
South Africa,ZA,-30.559482,22.937506,3.65,3.53,3.41,3.29,3.2,3.11,3.04,2.97,2.92,2.87,2.83,2.79,2.76,2.73,2.7,2.68,2.66,2.64,2.62,2.6,2.59,2.57,2.55,2.53,2.51,2.49,2.46,2.43,2.4
South Korea,KR,35.907757,127.766922,1.58,1.6,1.63,1.64,1.64,1.62,1.58,1.53,1.47,1.41,1.35,1.29,1.25,1.21,1.18,1.17,1.16,1.16,1.17,1.18,1.19,1.21,1.22,1.24,1.26,1.28,1.3,1.31,1.33
Spain,ES,40.463667,-3.74922,1.34,1.31,1.28,1.25,1.23,1.21,1.2,1.2,1.2,1.21,1.23,1.25,1.28,1.3,1.33,1.35,1.37,1.38,1.38,1.38,1.37,1.35,1.35,1.34,1.34,1.35,1.36,1.38,1.39
Sri Lanka,LK,7.873054,80.771797,2.48,2.43,2.39,2.35,2.32,2.29,2.27,2.25,2.24,2.24,2.24,2.25,2.26,2.27,2.28,2.28,2.28,2.27,2.26,2.23,2.2,2.17,2.14,2.11,2.08,2.06,2.05,2.03,2.02
Sudan,SD,12.862807,30.217636,6.15,6.09,6.03,5.96,5.9,5.83,5.76,5.68,5.61,5.54,5.47,5.4,5.33,5.27,5.2,5.14,5.09,5.03,4.98,4.93,4.88,4.83,4.77,4.72,4.66,4.6,4.53,4.47,4.41
Suriname,SR,3.919305,-56.027783,3.03,3.01,3.01,3.01,3.02,3.01,3,2.97,2.94,2.9,2.86,2.82,2.78,2.75,2.71,2.67,2.64,2.61,2.58,2.55,2.52,2.5,2.47,2.45,2.42,2.4,2.37,2.35,2.32
Swaziland,SZ,-26.522503,31.465866,5.62,5.46,5.29,5.12,4.96,4.8,4.65,4.52,4.39,4.28,4.19,4.11,4.04,3.98,3.93,3.87,3.82,3.76,3.69,3.61,3.53,3.44,3.36,3.28,3.2,3.14,3.08,3.03,2.98
Sweden,SE,60.128161,18.643501,2.14,2.11,2.08,1.98,1.88,1.73,1.6,1.53,1.52,1.51,1.56,1.58,1.67,1.73,1.77,1.79,1.87,1.89,1.92,1.94,1.99,1.9,1.91,1.92,1.92,1.91,1.91,1.91,1.91
Switzerland,CH,46.818188,8.227512,1.55,1.54,1.54,1.53,1.53,1.52,1.5,1.49,1.47,1.45,1.44,1.43,1.42,1.42,1.42,1.43,1.44,1.46,1.47,1.49,1.5,1.51,1.52,1.53,1.54,1.54,1.55,1.55,1.55
Syria,SY,34.802075,38.996815,5.31,5.11,4.92,4.76,4.63,4.51,4.41,4.32,4.23,4.14,4.04,3.94,3.84,3.74,3.65,3.56,3.47,3.39,3.33,3.26,3.21,3.16,3.11,3.07,3.02,2.97,2.92,2.87,2.82
Tajikistan,TJ,38.861034,71.276093,5.23,5.1,4.97,4.84,4.71,4.59,4.46,4.33,4.19,4.05,3.91,3.78,3.68,3.59,3.53,3.5,3.49,3.49,3.49,3.5,3.51,3.5,3.49,3.47,3.44,3.4,3.36,3.31,3.27
Tanzania,TZ,-6.369028,34.888822,6.21,6.15,6.08,6.01,5.95,5.88,5.83,5.78,5.74,5.71,5.69,5.68,5.67,5.66,5.65,5.64,5.62,5.58,5.54,5.49,5.43,5.36,5.29,5.22,5.15,5.08,5.02,4.95,4.89
Thailand,TH,15.870032,100.992541,2.11,2.06,2,1.96,1.91,1.87,1.82,1.78,1.74,1.71,1.67,1.64,1.62,1.6,1.58,1.57,1.56,1.56,1.55,1.55,1.55,1.54,1.53,1.52,1.51,1.5,1.48,1.47,1.45
Timor-Leste,TL,-8.874217,125.727539,5.34,5.47,5.65,5.87,6.13,6.38,6.63,6.83,6.99,7.08,7.11,7.09,7.04,6.97,6.88,6.79,6.69,6.59,6.48,6.36,6.23,6.11,5.98,5.86,5.74,5.62,5.5,5.39,5.28
Togo,TG,8.619543,0.824782,6.32,6.2,6.08,5.97,5.86,5.76,5.67,5.59,5.52,5.46,5.41,5.36,5.32,5.28,5.23,5.18,5.12,5.06,5,4.94,4.87,4.8,4.73,4.66,4.59,4.52,4.45,4.38,4.32
Tonga,TO,-21.178986,-175.198242,4.64,4.61,4.58,4.55,4.5,4.45,4.39,4.34,4.3,4.27,4.25,4.24,4.22,4.2,4.18,4.14,4.1,4.06,4.01,3.96,3.91,3.86,3.82,3.77,3.72,3.68,3.64,3.6,3.56
Trinidad and Tobago,TT,10.691803,-61.222503,2.45,2.34,2.23,2.13,2.04,1.96,1.9,1.84,1.8,1.77,1.75,1.74,1.74,1.75,1.76,1.77,1.78,1.79,1.8,1.8,1.81,1.8,1.8,1.79,1.78,1.77,1.75,1.74,1.73
Tunisia,TN,33.886917,9.537499,3.48,3.28,3.09,2.91,2.75,2.61,2.49,2.38,2.29,2.21,2.14,2.09,2.05,2.02,2,1.99,2,2.02,2.06,2.1,2.14,2.18,2.21,2.23,2.23,2.22,2.2,2.18,2.15
Turkey,TR,38.963745,35.243322,3.11,3.02,2.94,2.87,2.81,2.76,2.71,2.66,2.61,2.56,2.5,2.45,2.4,2.35,2.31,2.27,2.24,2.21,2.19,2.17,2.16,2.14,2.12,2.11,2.09,2.07,2.05,2.03,2.02
Turkmenistan,TM,38.969719,59.556278,4.34,4.22,4.07,3.9,3.71,3.51,3.32,3.15,3.01,2.9,2.82,2.77,2.73,2.7,2.67,2.65,2.65,2.67,2.71,2.77,2.83,2.89,2.94,2.96,2.96,2.93,2.89,2.84,2.79
Uganda,UG,1.373333,32.290275,7.09,7.08,7.07,7.06,7.04,7.02,6.99,6.97,6.94,6.9,6.87,6.82,6.77,6.72,6.65,6.58,6.51,6.42,6.34,6.25,6.15,6.06,5.96,5.87,5.78,5.68,5.59,5.5,5.41
Ukraine,UA,48.379433,31.16558,1.81,1.74,1.66,1.58,1.49,1.41,1.34,1.27,1.22,1.17,1.15,1.14,1.15,1.17,1.2,1.25,1.3,1.34,1.38,1.42,1.45,1.47,1.49,1.5,1.51,1.53,1.54,1.55,1.56
United Arab Emirates,AE,23.424076,53.847818,4.45,4.25,4.04,3.83,3.62,3.42,3.23,3.06,2.91,2.77,2.64,2.53,2.43,2.33,2.24,2.15,2.07,2.01,1.95,1.9,1.87,1.84,1.82,1.8,1.78,1.77,1.75,1.73,1.72
United Kingdom,GB,55.378051,-3.435973,1.81,1.8,1.79,1.78,1.77,1.76,1.74,1.73,1.71,1.69,1.68,1.67,1.67,1.69,1.72,1.76,1.8,1.84,1.86,1.88,1.89,1.89,1.89,1.88,1.88,1.88,1.87,1.87,1.87
United States,US,37.09024,-95.712891,2.07,2.06,2.04,2.02,2,1.98,1.98,1.97,2,2.01,2.05,2.03,2.02,2.05,2.06,2.06,2.11,2.12,2.07,2,1.93,1.9,1.9,1.96,1.95,1.93,1.92,1.91,1.9
Uruguay,UY,-32.522779,-55.765835,2.52,2.51,2.49,2.47,2.44,2.4,2.36,2.33,2.29,2.27,2.24,2.22,2.21,2.19,2.17,2.16,2.14,2.13,2.11,2.09,2.08,2.06,2.05,2.03,2.02,2.01,2,1.98,1.97
Uzbekistan,UZ,41.377491,64.585262,4.21,4.11,3.99,3.85,3.7,3.53,3.36,3.19,3.03,2.87,2.74,2.64,2.56,2.51,2.48,2.46,2.46,2.46,2.46,2.46,2.44,2.42,2.4,2.37,2.34,2.31,2.29,2.26,2.23
Vanuatu,VU,-15.376706,166.959158,4.93,4.89,4.85,4.81,4.78,4.73,4.68,4.61,4.54,4.46,4.37,4.27,4.16,4.06,3.95,3.85,3.76,3.68,3.61,3.55,3.5,3.46,3.42,3.38,3.35,3.31,3.28,3.24,3.2
Venezuela,VE,6.42375,-66.58973,3.45,3.37,3.29,3.22,3.15,3.08,3.02,2.97,2.92,2.87,2.82,2.78,2.74,2.7,2.66,2.63,2.6,2.56,2.53,2.5,2.47,2.44,2.42,2.39,2.37,2.34,2.32,2.29,2.27
Vietnam,VN,14.058324,108.277199,3.55,3.42,3.26,3.09,2.9,2.71,2.53,2.36,2.21,2.1,2.01,1.95,1.92,1.9,1.89,1.89,1.9,1.91,1.92,1.94,1.95,1.95,1.96,1.96,1.96,1.96,1.95,1.95,1.95
Yemen,YE,15.552727,48.516388,8.61,8.46,8.27,8.05,7.8,7.53,7.25,6.99,6.74,6.51,6.31,6.13,5.95,5.78,5.6,5.43,5.25,5.09,4.94,4.8,4.67,4.55,4.44,4.33,4.22,4.1,4,3.89,3.79
Zambia,ZM,-13.133897,27.849332,6.44,6.38,6.33,6.28,6.23,6.19,6.15,6.12,6.09,6.07,6.04,6,5.96,5.92,5.86,5.79,5.72,5.64,5.56,5.48,5.4,5.32,5.24,5.17,5.1,5.04,4.98,4.93,4.87
Zimbabwe,ZW,-19.015438,29.154857,5.18,5,4.84,4.69,4.56,4.43,4.33,4.24,4.16,4.1,4.06,4.02,4,3.99,3.98,3.99,3.99,4,4.01,4.02,4.03,4.02,4,3.96,3.9,3.84,3.76,3.68,3.61